,FIPS,target
0,01001,0
1,01011,0
2,01047,0
3,01051,0
4,01063,0
5,01065,0
6,01085,0
7,01087,0
8,01091,0
9,01101,0
10,01105,0
11,01119,0
12,01003,0
13,01013,0
14,01023,0
15,01025,0
16,01035,0
17,01053,0
18,01097,0
19,01099,0
20,01129,0
21,01131,0
22,01009,0
23,01015,1
24,01019,0
25,01029,0
26,01043,0
27,01055,1
28,01071,0
29,01095,0
30,01033,0
31,01059,0
32,01077,0
33,01079,0
34,01083,1
35,01089,1
36,01093,0
37,01103,0
38,01133,0
39,01007,0
40,01017,0
41,01021,0
42,01027,0
43,01037,0
44,01057,0
45,01073,0
46,01075,0
47,01081,0
48,01107,0
49,01111,0
50,01117,0
51,01121,1
52,01123,0
53,01125,0
54,01127,0
55,01005,0
56,01031,0
57,01039,0
58,01041,0
59,01045,0
60,01061,0
61,01067,0
62,01069,0
63,01109,1
64,01113,0
65,04001,0
66,04005,0
67,04007,0
68,04015,0
69,04017,0
70,04025,0
71,04003,0
72,04009,0
73,04011,0
74,04013,0
75,04019,0
76,04021,0
77,04023,0
78,04027,0
79,05029,0
80,05045,0
81,05051,0
82,05053,0
83,05059,0
84,05105,0
85,05119,0
86,05125,1
87,05001,0
88,05035,0
89,05037,0
90,05085,0
91,05117,0
92,05147,0
93,05005,0
94,05023,0
95,05049,0
96,05065,0
97,05089,0
98,05129,0
99,05135,0
100,05137,1
101,05141,0
102,05021,0
103,05031,0
104,05055,0
105,05063,1
106,05067,0
107,05075,0
108,05093,0
109,05111,0
110,05121,1
111,05145,0
112,05007,1
113,05009,0
114,05015,0
115,05087,0
116,05101,0
117,05143,0
118,05011,0
119,05013,0
120,05019,0
121,05025,0
122,05027,0
123,05039,0
124,05099,0
125,05103,0
126,05139,0
127,05003,0
128,05017,0
129,05041,0
130,05043,0
131,05069,0
132,05079,0
133,05057,0
134,05061,0
135,05081,0
136,05091,0
137,05097,0
138,05109,0
139,05133,0
140,05033,0
141,05047,0
142,05071,0
143,05083,0
144,05113,0
145,05115,0
146,05127,0
147,05131,0
148,05149,0
149,06001,0
150,06013,0
151,06033,0
152,06041,1
153,06053,0
154,06055,0
155,06069,0
156,06075,0
157,06079,0
158,06081,1
159,06085,0
160,06087,0
161,06097,0
162,06035,0
163,06049,0
164,06063,0
165,06015,0
166,06023,0
167,06045,0
168,06007,0
169,06011,0
170,06021,0
171,06067,0
172,06095,0
173,06101,0
174,06103,0
175,06113,0
176,06115,0
177,06019,0
178,06029,0
179,06031,0
180,06039,0
181,06047,0
182,06077,0
183,06099,0
184,06107,0
185,06003,0
186,06005,0
187,06009,1
188,06017,0
189,06027,0
190,06043,0
191,06057,0
192,06061,0
193,06091,0
194,06109,0
195,06089,0
196,06093,0
197,06105,0
198,06025,0
199,06037,0
200,06059,0
201,06065,0
202,06071,0
203,06073,0
204,06083,0
205,06111,0
206,08001,0
207,08005,0
208,08031,0
209,08035,0
210,08041,0
211,08039,0
212,08063,0
213,08073,0
214,08095,0
215,08121,0
216,08125,0
217,08013,1
218,08059,0
219,08069,0
220,08075,0
221,08087,0
222,08115,0
223,08123,0
224,08015,0
225,08019,0
226,08037,0
227,08049,0
228,08051,0
229,08081,0
230,08093,0
231,08097,0
232,08103,0
233,08107,0
234,08119,0
235,08003,0
236,08021,0
237,08023,0
238,08105,0
239,08109,0
240,08009,0
241,08011,0
242,08025,0
243,08027,0
244,08043,0
245,08055,0
246,08071,0
247,08101,0
248,08007,0
249,08029,0
250,08033,0
251,08045,0
252,08067,0
253,08077,0
254,08083,0
255,08085,0
256,08091,0
257,08113,0
258,10001,0
259,10003,0
260,10005,0
261,12001,0
262,12007,0
263,12017,0
264,12019,0
265,12035,0
266,12041,1
267,12053,0
268,12057,0
269,12069,0
270,12075,0
271,12083,0
272,12095,0
273,12097,0
274,12101,0
275,12103,0
276,12105,0
277,12107,0
278,12117,0
279,12109,0
280,12119,0
281,12125,1
282,12127,0
283,12003,0
284,12023,0
285,12029,0
286,12031,1
287,12047,0
288,12067,0
289,12079,0
290,12089,0
291,12121,1
292,12123,0
293,12005,1
294,12013,1
295,12033,1
296,12037,0
297,12039,1
298,12045,0
299,12059,0
300,12063,0
301,12065,1
302,12073,0
303,12077,0
304,12091,0
305,12113,0
306,12129,0
307,12131,0
308,12133,0
309,12009,0
310,12011,0
311,12015,0
312,12021,0
313,12043,0
314,12049,0
315,12051,0
316,12055,0
317,12061,1
318,12071,0
319,12081,0
320,12085,0
321,12086,0
322,12087,0
323,12093,0
324,12099,0
325,12115,0
326,12111,0
327,13009,0
328,13021,0
329,13023,0
330,13035,0
331,13079,0
332,13091,0
333,13133,1
334,13141,0
335,13153,0
336,13159,0
337,13167,0
338,13169,0
339,13175,0
340,13207,1
341,13209,0
342,13211,0
343,13217,0
344,13225,1
345,13235,1
346,13237,0
347,13247,0
348,13265,0
349,13283,0
350,13289,0
351,13303,0
352,13319,0
353,13031,0
354,13033,0
355,13043,0
356,13073,0
357,13103,0
358,13107,0
359,13163,0
360,13165,1
361,13189,0
362,13245,0
363,13251,0
364,13301,0
365,13013,1
366,13057,0
367,13059,1
368,13067,1
369,13085,0
370,13111,0
371,13117,0
372,13121,0
373,13123,0
374,13135,0
375,13139,1
376,13157,1
377,13187,1
378,13219,1
379,13227,1
380,13281,0
381,13291,0
382,13297,0
383,13311,0
384,13011,1
385,13105,0
386,13119,1
387,13137,1
388,13147,0
389,13181,0
390,13195,1
391,13221,0
392,13241,1
393,13257,0
394,13317,0
395,13015,1
396,13047,0
397,13055,0
398,13083,1
399,13115,0
400,13129,0
401,13213,0
402,13223,0
403,13233,1
404,13295,0
405,13313,0
406,13003,0
407,13017,0
408,13019,0
409,13027,0
410,13065,0
411,13069,0
412,13071,0
413,13075,1
414,13081,0
415,13093,0
416,13101,0
417,13155,0
418,13161,0
419,13173,1
420,13185,1
421,13277,0
422,13287,0
423,13321,0
424,13001,0
425,13005,0
426,13025,0
427,13039,0
428,13049,0
429,13051,0
430,13109,0
431,13127,0
432,13179,0
433,13183,1
434,13191,0
435,13229,0
436,13267,1
437,13279,0
438,13299,0
439,13305,0
440,13007,0
441,13037,0
442,13061,0
443,13087,0
444,13099,0
445,13131,0
446,13177,1
447,13205,1
448,13253,1
449,13259,0
450,13261,0
451,13273,0
452,13275,0
453,13045,0
454,13063,1
455,13077,0
456,13097,1
457,13113,1
458,13143,0
459,13145,0
460,13149,0
461,13151,0
462,13171,1
463,13193,0
464,13197,0
465,13199,0
466,13231,1
467,13249,0
468,13255,0
469,13263,0
470,13269,0
471,13285,0
472,13293,0
473,15001,0
474,15007,0
475,15003,0
476,16005,0
477,16007,0
478,16011,0
479,16019,0
480,16029,0
481,16037,0
482,16041,0
483,16043,0
484,16051,0
485,16059,0
486,16065,0
487,16071,0
488,16077,0
489,16081,0
490,16009,0
491,16017,0
492,16021,0
493,16035,0
494,16049,0
495,16055,0
496,16057,0
497,16061,0
498,16069,0
499,16079,0
500,16013,0
501,16025,0
502,16031,0
503,16047,0
504,16053,0
505,16067,0
506,16083,0
507,16001,0
508,16003,0
509,16015,0
510,16027,0
511,16039,0
512,16045,0
513,16073,0
514,16075,0
515,16087,0
516,17039,0
517,17107,0
518,17115,0
519,17123,0
520,17125,0
521,17113,0
522,17129,0
523,17143,0
524,17175,0
525,17179,0
526,17203,0
527,17019,0
528,17053,0
529,17075,0
530,17091,0
531,17105,0
532,17147,0
533,17183,0
534,17023,0
535,17025,0
536,17029,0
537,17033,0
538,17035,1
539,17041,0
540,17045,0
541,17049,0
542,17051,0
543,17079,0
544,17101,0
545,17121,0
546,17139,0
547,17159,0
548,17173,0
549,17007,0
550,17031,0
551,17063,0
552,17089,1
553,17093,1
554,17097,1
555,17111,1
556,17197,1
557,17011,0
558,17015,0
559,17073,0
560,17085,0
561,17103,0
562,17131,0
563,17141,0
564,17155,0
565,17161,1
566,17177,0
567,17195,0
568,17201,0
569,17047,0
570,17055,0
571,17059,0
572,17065,0
573,17069,0
574,17081,0
575,17127,0
576,17151,0
577,17165,0
578,17185,0
579,17191,1
580,17193,0
581,17003,0
582,17027,0
583,17077,1
584,17087,0
585,17133,1
586,17145,1
587,17153,0
588,17157,0
589,17181,0
590,17189,0
591,17199,0
592,17001,0
593,17057,0
594,17067,0
595,17071,0
596,17095,0
597,17109,0
598,17169,0
599,17187,0
600,17005,0
601,17013,0
602,17017,0
603,17021,0
604,17061,0
605,17083,0
606,17117,0
607,17119,0
608,17135,0
609,17137,0
610,17149,0
611,17167,0
612,18005,0
613,18011,1
614,18023,0
615,18031,0
616,18053,0
617,18057,0
618,18059,0
619,18063,1
620,18067,0
621,18081,1
622,18095,1
623,18097,0
624,18109,1
625,18139,0
626,18145,0
627,18159,0
628,18009,0
629,18035,0
630,18041,0
631,18065,1
632,18075,0
633,18135,0
634,18161,0
635,18177,1
636,18015,0
637,18017,0
638,18039,0
639,18049,0
640,18085,0
641,18099,0
642,18103,0
643,18141,1
644,18169,0
645,18001,1
646,18003,0
647,18069,0
648,18087,1
649,18113,1
650,18151,0
651,18179,0
652,18183,0
653,18007,0
654,18073,0
655,18089,0
656,18111,0
657,18127,1
658,18131,0
659,18149,0
660,18181,0
661,18013,0
662,18025,0
663,18043,0
664,18061,0
665,18071,0
666,18093,0
667,18105,0
668,18117,0
669,18123,0
670,18175,0
671,18019,0
672,18029,1
673,18047,0
674,18077,1
675,18079,0
676,18115,0
677,18137,1
678,18143,1
679,18155,1
680,18027,0
681,18037,0
682,18051,0
683,18055,0
684,18083,0
685,18101,0
686,18125,0
687,18147,0
688,18153,0
689,18163,0
690,18173,0
691,18021,0
692,18045,1
693,18107,0
694,18119,0
695,18121,0
696,18133,0
697,18157,0
698,18165,0
699,18167,0
700,18171,0
701,19015,0
702,19049,0
703,19075,0
704,19079,0
705,19083,0
706,19099,0
707,19127,0
708,19153,1
709,19157,0
710,19169,1
711,19171,0
712,19187,0
713,19011,0
714,19031,0
715,19045,0
716,19095,0
717,19097,0
718,19103,0
719,19105,0
720,19113,0
721,19139,0
722,19163,0
723,19023,0
724,19033,0
725,19067,0
726,19069,0
727,19081,0
728,19091,0
729,19109,0
730,19131,0
731,19189,0
732,19195,0
733,19197,0
734,19005,1
735,19013,0
736,19017,1
737,19019,0
738,19037,1
739,19043,0
740,19055,0
741,19061,0
742,19065,0
743,19089,1
744,19191,1
745,19021,0
746,19035,0
747,19041,0
748,19059,0
749,19063,0
750,19119,0
751,19143,0
752,19147,0
753,19149,0
754,19151,0
755,19167,0
756,19007,0
757,19039,0
758,19053,0
759,19117,0
760,19121,0
761,19125,0
762,19135,0
763,19159,0
764,19175,0
765,19181,0
766,19185,0
767,19051,0
768,19057,0
769,19087,0
770,19101,0
771,19107,0
772,19111,0
773,19115,0
774,19123,0
775,19177,0
776,19179,0
777,19183,0
778,19001,0
779,19003,0
780,19029,0
781,19071,0
782,19129,0
783,19137,0
784,19145,0
785,19155,0
786,19173,0
787,19009,0
788,19025,0
789,19027,0
790,19047,0
791,19073,0
792,19077,0
793,19085,0
794,19093,0
795,19133,0
796,19161,0
797,19165,0
798,19193,1
799,20009,0
800,20041,0
801,20051,0
802,20053,0
803,20105,0
804,20115,1
805,20113,0
806,20159,0
807,20169,0
808,20003,0
809,20031,0
810,20045,0
811,20059,0
812,20061,0
813,20091,1
814,20107,0
815,20111,0
816,20121,0
817,20127,0
818,20139,0
819,20177,0
820,20197,0
821,20027,0
822,20029,0
823,20123,0
824,20141,0
825,20143,0
826,20157,0
827,20163,0
828,20183,0
829,20201,0
830,20005,0
831,20013,0
832,20043,0
833,20085,0
834,20087,0
835,20103,1
836,20117,0
837,20131,0
838,20149,0
839,20161,0
840,20209,0
841,20023,0
842,20065,0
843,20137,0
844,20153,0
845,20179,0
846,20193,0
847,20033,0
848,20079,1
849,20095,0
850,20097,0
851,20145,0
852,20155,0
853,20173,0
854,20185,0
855,20191,0
856,20001,0
857,20011,0
858,20015,0
859,20019,0
860,20021,0
861,20035,0
862,20037,0
863,20049,0
864,20073,0
865,20099,0
866,20125,0
867,20133,0
868,20205,0
869,20207,0
870,20075,0
871,20119,0
872,20063,0
873,20109,0
874,20135,0
875,20171,0
876,21005,1
877,21011,0
878,21017,0
879,21021,0
880,21049,1
881,21067,1
882,21069,0
883,21073,1
884,21079,1
885,21097,1
886,21113,0
887,21137,1
888,21151,1
889,21161,1
890,21167,1
891,21173,1
892,21181,0
893,21201,0
894,21209,0
895,21211,1
896,21215,0
897,21229,0
898,21239,1
899,21001,0
900,21003,1
901,21009,1
902,21027,0
903,21029,0
904,21031,0
905,21045,0
906,21053,0
907,21057,0
908,21061,0
909,21085,0
910,21087,0
911,21093,1
912,21099,1
913,21111,0
914,21123,1
915,21155,0
916,21163,1
917,21169,1
918,21171,0
919,21179,1
920,21207,0
921,21217,0
922,21227,0
923,21013,0
924,21019,0
925,21025,0
926,21043,0
927,21051,0
928,21063,0
929,21065,0
930,21071,1
931,21089,0
932,21095,0
933,21109,0
934,21115,0
935,21121,1
936,21125,0
937,21127,0
938,21129,0
939,21133,0
940,21135,0
941,21153,1
942,21159,0
943,21147,0
944,21165,0
945,21175,0
946,21189,0
947,21193,1
948,21195,0
949,21197,0
950,21199,0
951,21203,0
952,21205,1
953,21231,0
954,21235,0
955,21237,0
956,21033,0
957,21047,0
958,21055,0
959,21059,0
960,21091,1
961,21101,0
962,21107,0
963,21141,0
964,21149,1
965,21177,0
966,21183,0
967,21213,0
968,21219,0
969,21233,0
970,21015,1
971,21023,0
972,21037,1
973,21041,0
974,21077,0
975,21081,1
976,21103,1
977,21117,1
978,21185,1
979,21187,0
980,21191,0
981,21223,1
982,21007,0
983,21035,0
984,21039,0
985,21075,0
986,21083,1
987,21105,0
988,21139,0
989,21143,0
990,21157,0
991,21145,0
992,21221,0
993,23009,0
994,23019,0
995,23021,0
996,23025,0
997,23027,0
998,23029,0
999,23003,0
1000,23001,0
1001,23005,0
1002,23007,0
1003,23011,0
1004,23013,0
1005,23015,0
1006,23017,0
1007,23023,0
1008,23031,0
1009,24019,0
1010,24039,0
1011,24045,1
1012,24047,0
1013,24005,0
1014,24013,1
1015,24021,0
1016,24025,1
1017,24027,1
1018,24031,1
1019,24043,0
1020,24003,0
1021,24009,0
1022,24017,0
1023,24011,0
1024,24015,0
1025,24029,0
1026,24041,0
1027,24001,0
1028,24023,0
1029,25001,0
1030,25003,0
1031,25005,0
1032,25007,0
1033,25009,0
1034,25011,1
1035,25013,1
1036,25015,1
1037,25017,0
1038,25019,0
1039,25021,1
1040,25023,1
1041,25025,0
1042,25027,1
1043,26035,0
1044,26051,0
1045,26057,0
1046,26073,0
1047,26107,0
1048,26111,1
1049,26117,1
1050,26133,0
1051,26011,0
1052,26017,0
1053,26063,0
1054,26145,0
1055,26151,0
1056,26157,0
1057,26001,0
1058,26007,0
1059,26031,0
1060,26039,0
1061,26069,0
1062,26129,0
1063,26135,0
1064,26137,0
1065,26141,0
1066,26143,0
1067,26009,0
1068,26019,0
1069,26029,0
1070,26047,0
1071,26055,0
1072,26079,0
1073,26089,0
1074,26101,0
1075,26113,0
1076,26165,0
1077,26015,1
1078,26023,0
1079,26025,1
1080,26037,1
1081,26045,0
1082,26059,1
1083,26065,1
1084,26067,0
1085,26075,1
1086,26155,0
1087,26049,0
1088,26087,0
1089,26091,1
1090,26093,1
1091,26099,0
1092,26115,0
1093,26125,0
1094,26161,1
1095,26163,0
1096,26005,0
1097,26021,0
1098,26027,0
1099,26077,1
1100,26081,0
1101,26139,0
1102,26159,0
1103,26003,0
1104,26013,0
1105,26033,0
1106,26041,0
1107,26043,0
1108,26053,0
1109,26061,0
1110,26071,0
1111,26095,0
1112,26097,0
1113,26103,0
1114,26109,0
1115,26131,0
1116,26153,0
1117,26085,0
1118,26105,1
1119,26121,0
1120,26123,0
1121,26127,0
1122,27009,0
1123,27019,1
1124,27067,0
1125,27085,0
1126,27093,0
1127,27097,0
1128,27129,0
1129,27139,1
1130,27141,0
1131,27143,0
1132,27145,0
1133,27153,1
1134,27159,0
1135,27171,0
1136,27001,0
1137,27003,1
1138,27017,0
1139,27025,1
1140,27035,0
1141,27053,0
1142,27059,0
1143,27065,0
1144,27095,1
1145,27115,0
1146,27123,0
1147,27163,0
1148,27007,0
1149,27021,0
1150,27057,0
1151,27061,0
1152,27071,0
1153,27077,0
1154,27031,0
1155,27075,0
1156,27137,0
1157,27005,0
1158,27027,0
1159,27029,0
1160,27069,0
1161,27087,0
1162,27089,0
1163,27107,0
1164,27113,0
1165,27119,0
1166,27125,0
1167,27135,0
1168,27013,0
1169,27015,0
1170,27043,0
1171,27047,0
1172,27079,0
1173,27091,0
1174,27103,0
1175,27131,1
1176,27147,0
1177,27161,0
1178,27037,0
1179,27039,0
1180,27045,0
1181,27049,0
1182,27055,0
1183,27099,0
1184,27109,0
1185,27157,0
1186,27169,0
1187,27033,0
1188,27063,0
1189,27081,0
1190,27101,0
1191,27105,0
1192,27117,0
1193,27127,0
1194,27133,0
1195,27011,0
1196,27023,0
1197,27041,0
1198,27051,0
1199,27073,0
1200,27111,0
1201,27121,0
1202,27149,0
1203,27151,0
1204,27155,0
1205,27173,0
1206,28007,0
1207,28015,0
1208,28019,0
1209,28051,0
1210,28079,0
1211,28089,0
1212,28121,0
1213,28123,0
1214,28017,0
1215,28025,0
1216,28069,0
1217,28087,1
1218,28095,0
1219,28099,1
1220,28103,0
1221,28105,0
1222,28159,0
1223,28083,0
1224,28133,0
1225,28163,0
1226,28009,0
1227,28013,0
1228,28043,0
1229,28071,0
1230,28093,0
1231,28107,0
1232,28137,0
1233,28161,0
1234,28003,0
1235,28057,0
1236,28081,1
1237,28115,0
1238,28117,0
1239,28139,0
1240,28141,1
1241,28145,1
1242,28031,0
1243,28065,0
1244,28073,1
1245,28077,0
1246,28091,0
1247,28113,0
1248,28127,0
1249,28129,0
1250,28147,0
1251,28023,0
1252,28035,1
1253,28039,0
1254,28041,1
1255,28045,0
1256,28047,0
1257,28059,1
1258,28061,0
1259,28067,0
1260,28075,0
1261,28101,0
1262,28109,0
1263,28111,0
1264,28131,0
1265,28153,0
1266,28005,0
1267,28021,0
1268,28029,0
1269,28037,0
1270,28049,0
1271,28085,0
1272,28157,0
1273,28011,0
1274,28119,0
1275,28135,0
1276,28143,0
1277,29015,0
1278,29019,1
1279,29027,0
1280,29029,0
1281,29051,0
1282,29053,0
1283,29059,0
1284,29085,0
1285,29089,0
1286,29105,0
1287,29125,0
1288,29131,0
1289,29135,0
1290,29141,0
1291,29151,0
1292,29159,0
1293,29161,0
1294,29167,0
1295,29169,0
1296,29195,0
1297,29055,0
1298,29071,0
1299,29073,0
1300,29099,0
1301,29113,1
1302,29139,0
1303,29157,0
1304,29219,0
1305,29221,0
1306,29001,0
1307,29033,0
1308,29041,0
1309,29079,0
1310,29115,0
1311,29117,0
1312,29121,0
1313,29129,0
1314,29171,0
1315,29175,0
1316,29197,0
1317,29211,0
1318,29007,1
1319,29045,0
1320,29103,0
1321,29111,0
1322,29127,0
1323,29137,0
1324,29163,0
1325,29173,0
1326,29199,0
1327,29205,1
1328,29003,0
1329,29005,0
1330,29021,0
1331,29025,1
1332,29047,0
1333,29049,0
1334,29061,0
1335,29075,0
1336,29081,0
1337,29087,0
1338,29147,0
1339,29165,0
1340,29177,0
1341,29227,0
1342,29017,0
1343,29035,0
1344,29065,0
1345,29067,0
1346,29091,0
1347,29093,0
1348,29123,0
1349,29149,0
1350,29153,0
1351,29179,0
1352,29181,0
1353,29203,0
1354,29213,0
1355,29215,0
1356,29223,0
1357,29225,0
1358,29229,0
1359,29023,0
1360,29031,0
1361,29069,0
1362,29133,0
1363,29143,0
1364,29155,0
1365,29201,0
1366,29207,0
1367,29009,0
1368,29011,0
1369,29043,0
1370,29057,0
1371,29077,1
1372,29097,0
1373,29109,0
1374,29119,0
1375,29145,0
1376,29209,0
1377,29013,0
1378,29037,0
1379,29039,0
1380,29083,0
1381,29095,0
1382,29101,0
1383,29107,0
1384,29217,0
1385,30007,0
1386,30013,0
1387,30027,0
1388,30037,0
1389,30049,0
1390,30069,0
1391,30107,0
1392,30005,0
1393,30015,0
1394,30035,0
1395,30041,0
1396,30051,0
1397,30071,0
1398,30073,0
1399,30099,0
1400,30019,0
1401,30033,0
1402,30055,0
1403,30083,0
1404,30085,0
1405,30105,0
1406,30029,0
1407,30039,0
1408,30047,0
1409,30053,0
1410,30061,0
1411,30063,0
1412,30077,0
1413,30081,0
1414,30089,0
1415,30003,0
1416,30009,0
1417,30067,0
1418,30095,0
1419,30097,0
1420,30103,0
1421,30111,0
1422,30011,0
1423,30017,0
1424,30075,0
1425,30087,0
1426,30031,0
1427,30043,0
1428,30057,0
1429,31019,0
1430,31047,0
1431,31077,0
1432,31079,0
1433,31093,0
1434,31163,0
1435,31175,0
1436,31023,0
1437,31025,0
1438,31053,0
1439,31055,0
1440,31081,0
1441,31109,1
1442,31121,0
1443,31125,0
1444,31143,0
1445,31153,0
1446,31155,0
1447,31159,0
1448,31177,0
1449,31185,0
1450,31015,0
1451,31031,0
1452,31075,0
1453,31089,0
1454,31113,0
1455,31117,0
1456,31149,0
1457,31183,0
1458,31003,0
1459,31011,0
1460,31021,0
1461,31027,0
1462,31039,0
1463,31043,0
1464,31051,0
1465,31107,0
1466,31119,0
1467,31139,0
1468,31167,0
1469,31179,0
1470,31007,0
1471,31013,0
1472,31033,0
1473,31045,0
1474,31123,0
1475,31157,0
1476,31165,0
1477,31001,0
1478,31061,0
1479,31083,0
1480,31099,0
1481,31137,0
1482,31181,0
1483,31035,1
1484,31059,0
1485,31067,0
1486,31095,0
1487,31097,0
1488,31127,0
1489,31129,0
1490,31131,0
1491,31133,0
1492,31147,0
1493,31151,0
1494,31169,0
1495,31029,0
1496,31087,0
1497,31101,0
1498,31111,0
1499,31135,0
1500,31145,0
1501,32007,0
1502,32033,0
1503,32510,0
1504,32001,0
1505,32005,0
1506,32013,0
1507,32019,0
1508,32027,0
1509,32031,0
1510,32003,0
1511,32017,0
1512,32023,0
1513,33001,0
1514,33003,0
1515,33005,0
1516,33007,0
1517,33009,0
1518,33011,1
1519,33013,0
1520,33015,0
1521,33017,0
1522,33019,1
1523,34005,1
1524,34021,0
1525,34023,1
1526,34025,0
1527,34029,0
1528,34003,0
1529,34013,1
1530,34019,0
1531,34027,1
1532,34031,0
1533,34035,1
1534,34037,1
1535,34041,1
1536,34001,1
1537,34007,0
1538,34009,0
1539,34011,1
1540,34015,0
1541,34033,0
1542,35007,0
1543,35009,0
1544,35011,0
1545,35019,0
1546,35033,0
1547,35037,0
1548,35041,0
1549,35047,0
1550,35057,0
1551,35001,0
1552,35006,0
1553,35039,0
1554,35045,0
1555,35043,0
1556,35049,0
1557,35055,0
1558,35061,0
1559,35005,0
1560,35015,0
1561,35025,0
1562,35027,0
1563,35035,0
1564,35003,0
1565,35017,0
1566,35023,0
1567,35029,0
1568,35051,0
1569,35053,0
1570,36011,1
1571,36017,0
1572,36023,1
1573,36043,0
1574,36053,0
1575,36065,1
1576,36067,0
1577,36075,0
1578,36077,0
1579,36001,1
1580,36035,0
1581,36057,0
1582,36083,0
1583,36091,0
1584,36093,0
1585,36095,1
1586,36115,1
1587,36047,0
1588,36059,0
1589,36081,0
1590,36103,0
1591,36019,1
1592,36031,0
1593,36033,0
1594,36113,0
1595,36045,0
1596,36049,0
1597,36021,0
1598,36025,0
1599,36027,1
1600,36039,1
1601,36071,1
1602,36079,0
1603,36087,0
1604,36105,0
1605,36111,0
1606,36119,0
1607,36007,0
1608,36015,1
1609,36097,0
1610,36107,0
1611,36109,0
1612,36003,1
1613,36009,1
1614,36013,0
1615,36101,0
1616,36029,0
1617,36037,1
1618,36051,0
1619,36055,0
1620,36063,0
1621,36069,1
1622,36073,0
1623,36099,0
1624,36117,0
1625,36121,0
1626,36123,1
1627,37013,0
1628,37031,0
1629,37049,0
1630,37079,0
1631,37095,0
1632,37101,0
1633,37103,0
1634,37107,0
1635,37137,0
1636,37147,1
1637,37191,1
1638,37195,1
1639,37003,0
1640,37035,1
1641,37037,0
1642,37057,0
1643,37059,1
1644,37097,1
1645,37105,0
1646,37151,0
1647,37159,1
1648,37183,1
1649,37015,0
1650,37041,0
1651,37053,0
1652,37065,1
1653,37073,0
1654,37083,0
1655,37091,0
1656,37117,0
1657,37127,0
1658,37131,0
1659,37139,0
1660,37143,0
1661,37177,0
1662,37005,1
1663,37009,1
1664,37011,1
1665,37027,1
1666,37171,1
1667,37189,1
1668,37193,1
1669,37197,1
1670,37001,1
1671,37033,1
1672,37063,0
1673,37067,0
1674,37069,1
1675,37077,0
1676,37081,0
1677,37135,1
1678,37145,0
1679,37157,1
1680,37169,1
1681,37181,0
1682,37185,0
1683,37017,0
1684,37019,0
1685,37047,0
1686,37051,0
1687,37061,0
1688,37085,0
1689,37093,0
1690,37129,0
1691,37133,0
1692,37141,0
1693,37155,0
1694,37163,0
1695,37165,0
1696,37007,0
1697,37025,0
1698,37045,1
1699,37071,1
1700,37109,1
1701,37119,0
1702,37123,0
1703,37125,1
1704,37153,0
1705,37167,0
1706,37179,0
1707,37021,0
1708,37023,1
1709,37039,1
1710,37043,0
1711,37075,0
1712,37087,0
1713,37089,1
1714,37099,0
1715,37113,1
1716,37115,1
1717,37111,1
1718,37121,0
1719,37149,1
1720,37161,0
1721,37173,0
1722,37175,0
1723,37199,0
1724,38043,0
1725,38093,0
1726,38003,0
1727,38017,0
1728,38009,0
1729,38049,0
1730,38069,0
1731,38079,0
1732,38019,0
1733,38035,0
1734,38063,0
1735,38067,0
1736,38071,1
1737,38099,0
1738,38013,0
1739,38101,0
1740,38015,0
1741,38029,0
1742,38037,0
1743,38059,0
1744,38021,0
1745,38073,0
1746,38077,0
1747,38001,0
1748,38041,0
1749,38089,0
1750,38053,0
1751,38055,0
1752,38057,0
1753,39041,1
1754,39045,1
1755,39047,0
1756,39049,1
1757,39083,1
1758,39089,0
1759,39097,0
1760,39101,0
1761,39117,1
1762,39129,0
1763,39141,0
1764,39159,1
1765,39013,1
1766,39019,0
1767,39031,0
1768,39067,0
1769,39075,1
1770,39081,1
1771,39157,1
1772,39005,1
1773,39033,0
1774,39043,0
1775,39077,0
1776,39093,0
1777,39123,0
1778,39139,1
1779,39143,0
1780,39147,1
1781,39175,0
1782,39007,0
1783,39029,1
1784,39035,0
1785,39055,1
1786,39085,0
1787,39099,0
1788,39103,1
1789,39133,1
1790,39151,1
1791,39153,1
1792,39155,0
1793,39169,1
1794,39003,1
1795,39039,0
1796,39051,1
1797,39063,0
1798,39069,0
1799,39095,1
1800,39125,0
1801,39137,1
1802,39161,0
1803,39171,0
1804,39173,0
1805,39001,0
1806,39015,0
1807,39053,1
1808,39071,0
1809,39079,0
1810,39087,0
1811,39131,0
1812,39145,0
1813,39009,0
1814,39059,0
1815,39073,0
1816,39105,0
1817,39111,0
1818,39115,0
1819,39119,0
1820,39121,0
1821,39127,1
1822,39163,0
1823,39167,0
1824,39017,1
1825,39025,1
1826,39027,1
1827,39057,1
1828,39061,1
1829,39113,0
1830,39135,0
1831,39165,1
1832,39011,0
1833,39021,0
1834,39023,1
1835,39037,1
1836,39065,1
1837,39091,1
1838,39107,0
1839,39109,0
1840,39149,0
1841,40017,0
1842,40027,0
1843,40037,0
1844,40051,0
1845,40073,0
1846,40081,0
1847,40083,1
1848,40087,0
1849,40107,0
1850,40109,0
1851,40119,0
1852,40125,0
1853,40133,0
1854,40001,0
1855,40021,0
1856,40061,0
1857,40063,0
1858,40091,0
1859,40101,0
1860,40111,0
1861,40121,0
1862,40135,0
1863,40047,0
1864,40053,0
1865,40071,0
1866,40093,0
1867,40103,0
1868,40151,0
1869,40153,0
1870,40035,1
1871,40041,0
1872,40097,0
1873,40105,0
1874,40113,0
1875,40115,1
1876,40117,0
1877,40131,1
1878,40143,0
1879,40145,0
1880,40147,0
1881,40007,0
1882,40025,0
1883,40045,0
1884,40139,0
1885,40005,0
1886,40013,0
1887,40019,0
1888,40029,0
1889,40049,0
1890,40067,0
1891,40069,0
1892,40085,0
1893,40095,0
1894,40099,0
1895,40123,0
1896,40137,0
1897,40023,0
1898,40077,0
1899,40089,0
1900,40127,0
1901,40015,0
1902,40031,0
1903,40033,0
1904,40055,0
1905,40057,0
1906,40065,0
1907,40075,0
1908,40141,0
1909,40009,0
1910,40011,0
1911,40039,0
1912,40043,0
1913,40149,0
1914,41027,0
1915,41049,0
1916,41065,0
1917,41001,0
1918,41059,0
1919,41061,0
1920,41063,0
1921,41003,0
1922,41005,0
1923,41007,0
1924,41009,0
1925,41039,0
1926,41041,0
1927,41043,0
1928,41047,0
1929,41051,0
1930,41053,0
1931,41057,0
1932,41067,0
1933,41071,0
1934,41013,0
1935,41017,0
1936,41023,0
1937,41025,0
1938,41031,0
1939,41035,0
1940,41037,0
1941,41045,0
1942,41069,0
1943,41011,0
1944,41015,0
1945,41019,0
1946,41029,0
1947,41033,0
1948,42013,0
1949,42021,0
1950,42027,0
1951,42033,0
1952,42037,0
1953,42043,0
1954,42061,0
1955,42067,1
1956,42087,0
1957,42093,0
1958,42097,0
1959,42099,1
1960,42109,1
1961,42119,0
1962,42025,0
1963,42077,0
1964,42079,0
1965,42089,0
1966,42095,1
1967,42103,0
1968,42107,0
1969,42015,1
1970,42023,0
1971,42035,0
1972,42047,0
1973,42081,0
1974,42083,0
1975,42105,0
1976,42113,0
1977,42117,0
1978,42069,0
1979,42115,1
1980,42127,0
1981,42131,1
1982,42039,0
1983,42049,0
1984,42053,0
1985,42085,0
1986,42121,0
1987,42123,0
1988,42001,0
1989,42009,0
1990,42041,1
1991,42055,1
1992,42057,0
1993,42133,0
1994,42011,1
1995,42017,1
1996,42029,1
1997,42045,1
1998,42071,0
1999,42075,1
2000,42091,1
2001,42101,1
2002,42003,0
2003,42051,0
2004,42059,0
2005,42111,0
2006,42125,1
2007,42129,0
2008,42005,0
2009,42007,1
2010,42019,0
2011,42031,0
2012,42063,0
2013,42065,1
2014,42073,1
2015,44001,0
2016,44003,0
2017,44005,0
2018,44007,0
2019,44009,0
2020,45017,0
2021,45027,0
2022,45061,0
2023,45063,1
2024,45075,0
2025,45079,0
2026,45085,0
2027,45025,1
2028,45031,0
2029,45033,0
2030,45041,0
2031,45043,0
2032,45051,0
2033,45067,0
2034,45069,0
2035,45089,0
2036,45023,0
2037,45039,0
2038,45055,0
2039,45057,0
2040,45091,0
2041,45007,1
2042,45021,0
2043,45045,0
2044,45059,0
2045,45073,1
2046,45077,0
2047,45083,1
2048,45087,0
2049,45005,0
2050,45009,0
2051,45011,0
2052,45013,0
2053,45015,0
2054,45019,0
2055,45029,0
2056,45035,0
2057,45049,0
2058,45053,0
2059,45001,0
2060,45003,0
2061,45037,0
2062,45047,0
2063,45065,0
2064,45071,0
2065,45081,0
2066,46003,0
2067,46005,0
2068,46015,0
2069,46065,0
2070,46073,0
2071,46011,1
2072,46035,0
2073,46061,0
2074,46077,0
2075,46079,0
2076,46087,0
2077,46097,0
2078,46099,1
2079,46101,0
2080,46111,0
2081,46013,0
2082,46045,0
2083,46049,0
2084,46115,0
2085,46129,0
2086,46025,0
2087,46029,0
2088,46037,0
2089,46039,0
2090,46051,0
2091,46057,0
2092,46091,0
2093,46109,0
2094,46019,0
2095,46063,0
2096,46053,0
2097,46075,0
2098,46085,0
2099,46095,0
2100,46121,0
2101,46123,0
2102,46009,0
2103,46027,0
2104,46067,0
2105,46083,0
2106,46125,0
2107,46127,0
2108,46135,1
2109,46033,0
2110,46047,0
2111,46055,0
2112,46081,0
2113,46093,0
2114,46103,0
2115,46117,0
2116,47003,1
2117,47015,0
2118,47027,0
2119,47037,1
2120,47055,1
2121,47087,1
2122,47103,0
2123,47111,1
2124,47117,0
2125,47119,0
2126,47127,1
2127,47149,1
2128,47159,1
2129,47165,1
2130,47169,0
2131,47187,0
2132,47189,1
2133,47007,1
2134,47031,1
2135,47035,0
2136,47049,0
2137,47051,0
2138,47061,0
2139,47115,0
2140,47129,0
2141,47133,0
2142,47137,0
2143,47141,0
2144,47151,0
2145,47153,0
2146,47175,0
2147,47177,0
2148,47185,0
2149,47045,0
2150,47095,0
2151,47131,0
2152,47157,0
2153,47167,1
2154,47001,1
2155,47009,1
2156,47011,0
2157,47013,0
2158,47019,0
2159,47025,1
2160,47029,0
2161,47057,1
2162,47059,0
2163,47063,1
2164,47065,0
2165,47067,0
2166,47073,0
2167,47089,1
2168,47091,1
2169,47093,1
2170,47105,1
2171,47107,1
2172,47121,0
2173,47123,1
2174,47139,0
2175,47143,1
2176,47145,0
2177,47155,0
2178,47163,0
2179,47171,0
2180,47173,0
2181,47179,1
2182,47005,0
2183,47017,0
2184,47023,0
2185,47033,0
2186,47039,0
2187,47047,1
2188,47053,0
2189,47069,0
2190,47071,1
2191,47075,0
2192,47077,0
2193,47079,0
2194,47113,0
2195,47109,1
2196,47183,0
2197,47021,0
2198,47043,0
2199,47081,0
2200,47083,0
2201,47085,0
2202,47099,1
2203,47101,0
2204,47125,0
2205,47135,0
2206,47147,0
2207,47161,0
2208,47181,0
2209,48027,0
2210,48035,0
2211,48085,0
2212,48097,0
2213,48099,0
2214,48113,0
2215,48119,1
2216,48121,0
2217,48139,0
2218,48145,0
2219,48147,0
2220,48181,1
2221,48193,0
2222,48217,0
2223,48231,0
2224,48251,0
2225,48257,1
2226,48277,0
2227,48293,0
2228,48309,0
2229,48331,0
2230,48349,0
2231,48397,1
2232,48439,0
2233,48491,1
2234,48007,0
2235,48355,0
2236,48391,0
2237,48409,0
2238,48009,0
2239,48049,0
2240,48059,0
2241,48077,0
2242,48093,0
2243,48133,0
2244,48143,0
2245,48221,0
2246,48237,0
2247,48333,0
2248,48337,0
2249,48363,0
2250,48367,0
2251,48417,0
2252,48425,1
2253,48429,0
2254,48447,0
2255,48497,0
2256,48503,0
2257,48001,0
2258,48037,0
2259,48063,0
2260,48067,0
2261,48073,0
2262,48159,0
2263,48183,1
2264,48203,1
2265,48213,0
2266,48223,0
2267,48225,0
2268,48315,0
2269,48343,1
2270,48347,0
2271,48365,0
2272,48379,0
2273,48387,0
2274,48401,0
2275,48419,0
2276,48423,1
2277,48449,0
2278,48459,0
2279,48467,0
2280,48499,0
2281,48005,0
2282,48041,1
2283,48161,0
2284,48185,0
2285,48199,0
2286,48241,0
2287,48289,1
2288,48313,0
2289,48339,0
2290,48351,0
2291,48373,0
2292,48395,0
2293,48403,0
2294,48405,0
2295,48407,0
2296,48455,0
2297,48457,0
2298,48471,0
2299,48473,1
2300,48019,0
2301,48031,0
2302,48053,0
2303,48081,0
2304,48095,0
2305,48105,0
2306,48137,0
2307,48171,0
2308,48235,0
2309,48259,0
2310,48265,0
2311,48267,0
2312,48271,0
2313,48281,0
2314,48299,0
2315,48319,0
2316,48307,0
2317,48327,0
2318,48383,0
2319,48385,0
2320,48411,1
2321,48451,0
2322,48463,0
2323,48465,0
2324,48061,0
2325,48215,0
2326,48489,0
2327,48011,0
2328,48045,0
2329,48065,0
2330,48069,0
2331,48111,0
2332,48153,0
2333,48179,0
2334,48189,0
2335,48233,0
2336,48295,0
2337,48369,0
2338,48375,0
2339,48381,0
2340,48437,0
2341,48075,0
2342,48087,0
2343,48101,0
2344,48125,0
2345,48129,0
2346,48155,0
2347,48191,0
2348,48197,0
2349,48263,0
2350,48483,0
2351,48485,0
2352,48487,0
2353,48015,1
2354,48021,1
2355,48025,0
2356,48029,0
2357,48051,1
2358,48055,1
2359,48089,0
2360,48091,0
2361,48149,0
2362,48175,0
2363,48177,0
2364,48187,0
2365,48209,0
2366,48255,0
2367,48285,0
2368,48287,0
2369,48325,0
2370,48453,1
2371,48477,0
2372,48493,0
2373,48013,0
2374,48047,0
2375,48127,0
2376,48131,0
2377,48163,0
2378,48247,0
2379,48249,0
2380,48283,0
2381,48297,0
2382,48323,0
2383,48479,0
2384,48507,0
2385,48003,0
2386,48017,0
2387,48079,0
2388,48107,0
2389,48165,0
2390,48219,0
2391,48227,0
2392,48303,0
2393,48305,0
2394,48317,0
2395,48329,0
2396,48501,0
2397,48023,0
2398,48083,0
2399,48151,0
2400,48207,0
2401,48253,0
2402,48275,0
2403,48335,0
2404,48353,0
2405,48399,0
2406,48415,0
2407,48433,0
2408,48441,0
2409,48043,0
2410,48135,0
2411,48141,0
2412,48243,0
2413,48377,0
2414,48475,0
2415,48495,0
2416,48039,0
2417,48071,0
2418,48157,0
2419,48167,0
2420,48201,0
2421,48239,0
2422,48245,0
2423,48291,0
2424,48321,0
2425,48361,1
2426,48469,0
2427,48481,0
2428,49023,0
2429,49027,0
2430,49039,0
2431,49041,0
2432,49049,0
2433,49007,0
2434,49013,0
2435,49015,0
2436,49019,0
2437,49037,0
2438,49043,0
2439,49047,0
2440,49051,0
2441,49003,0
2442,49005,0
2443,49011,1
2444,49029,0
2445,49033,0
2446,49035,0
2447,49045,0
2448,49057,0
2449,49001,0
2450,49017,0
2451,49021,0
2452,49025,0
2453,49053,0
2454,49055,0
2455,50001,0
2456,50003,0
2457,50005,0
2458,50007,1
2459,50009,0
2460,50011,0
2461,50013,0
2462,50015,1
2463,50017,0
2464,50019,0
2465,50021,1
2466,50023,0
2467,50025,0
2468,50027,0
2469,51003,0
2470,51007,0
2471,51009,0
2472,51011,0
2473,51019,0
2474,51029,0
2475,51031,0
2476,51033,0
2477,51041,1
2478,51049,0
2479,51065,0
2480,51075,1
2481,51079,0
2482,51085,0
2483,51087,1
2484,51109,0
2485,51125,0
2486,51137,0
2487,51145,0
2488,51147,0
2489,51177,1
2490,51001,0
2491,51036,0
2492,51057,0
2493,51073,0
2494,51095,0
2495,51097,0
2496,51099,0
2497,51101,1
2498,51103,0
2499,51119,0
2500,51127,0
2501,51131,0
2502,51133,0
2503,51159,0
2504,51193,0
2505,51199,0
2506,51013,1
2507,51043,1
2508,51047,1
2509,51059,0
2510,51061,1
2511,51069,1
2512,51107,1
2513,51113,0
2514,51139,0
2515,51153,0
2516,51157,1
2517,51165,1
2518,51171,1
2519,51179,0
2520,51187,0
2521,51025,0
2522,51550,0
2523,51053,0
2524,51093,0
2525,51117,0
2526,51149,1
2527,51175,0
2528,51800,0
2529,51181,0
2530,51183,0
2531,51810,0
2532,51037,0
2533,51067,1
2534,51083,1
2535,51089,0
2536,51111,0
2537,51135,0
2538,51141,1
2539,51143,1
2540,51021,0
2541,51027,0
2542,51035,0
2543,51051,0
2544,51063,1
2545,51071,0
2546,51077,0
2547,51105,1
2548,51121,1
2549,51155,0
2550,51167,0
2551,51169,1
2552,51173,0
2553,51185,0
2554,51191,0
2555,51195,0
2556,51197,1
2557,51005,0
2558,51015,1
2559,51017,0
2560,51023,0
2561,51045,0
2562,51091,0
2563,51161,0
2564,51163,0
2565,53005,0
2566,53007,0
2567,53037,0
2568,53039,0
2569,53047,0
2570,53077,0
2571,53001,0
2572,53017,0
2573,53021,0
2574,53025,0
2575,53043,0
2576,53019,0
2577,53051,0
2578,53063,0
2579,53065,0
2580,53013,0
2581,53023,0
2582,53071,0
2583,53075,0
2584,53009,0
2585,53011,0
2586,53015,0
2587,53027,0
2588,53029,1
2589,53031,0
2590,53033,0
2591,53035,0
2592,53041,0
2593,53045,0
2594,53049,0
2595,53053,1
2596,53055,0
2597,53057,0
2598,53059,0
2599,53061,0
2600,53067,0
2601,53069,0
2602,53073,0
2603,54003,0
2604,54023,0
2605,54025,0
2606,54027,0
2607,54031,1
2608,54037,1
2609,54057,0
2610,54063,1
2611,54065,1
2612,54071,0
2613,54075,0
2614,54083,0
2615,54089,0
2616,54093,0
2617,54001,0
2618,54009,0
2619,54017,0
2620,54029,0
2621,54033,1
2622,54041,0
2623,54049,0
2624,54051,1
2625,54061,0
2626,54069,0
2627,54073,0
2628,54077,0
2629,54085,1
2630,54091,0
2631,54095,0
2632,54097,0
2633,54103,0
2634,54107,1
2635,54005,0
2636,54007,1
2637,54011,0
2638,54013,0
2639,54015,1
2640,54019,0
2641,54021,0
2642,54035,1
2643,54039,0
2644,54043,0
2645,54045,0
2646,54053,0
2647,54055,0
2648,54059,0
2649,54067,0
2650,54079,0
2651,54081,0
2652,54087,1
2653,54099,1
2654,54101,0
2655,54105,0
2656,55001,0
2657,55047,0
2658,55057,0
2659,55077,0
2660,55097,0
2661,55135,0
2662,55137,0
2663,55141,1
2664,55009,0
2665,55015,1
2666,55029,0
2667,55039,0
2668,55061,0
2669,55071,0
2670,55087,0
2671,55117,0
2672,55139,0
2673,55003,0
2674,55019,0
2675,55051,0
2676,55069,0
2677,55073,0
2678,55085,0
2679,55099,0
2680,55119,0
2681,55125,0
2682,55037,0
2683,55041,0
2684,55067,0
2685,55075,0
2686,55083,0
2687,55115,0
2688,55005,0
2689,55007,0
2690,55013,0
2691,55017,0
2692,55031,0
2693,55095,0
2694,55107,0
2695,55113,0
2696,55129,0
2697,55021,0
2698,55025,0
2699,55027,0
2700,55045,0
2701,55055,0
2702,55105,1
2703,55059,0
2704,55079,0
2705,55089,0
2706,55101,0
2707,55127,1
2708,55131,1
2709,55133,1
2710,55023,0
2711,55043,0
2712,55049,0
2713,55065,0
2714,55103,1
2715,55111,1
2716,55123,1
2717,55011,0
2718,55033,0
2719,55035,1
2720,55053,0
2721,55063,0
2722,55081,0
2723,55091,0
2724,55093,1
2725,55121,1
2726,56005,0
2727,56011,0
2728,56019,0
2729,56033,0
2730,56045,0
2731,56003,0
2732,56013,0
2733,56017,0
2734,56029,0
2735,56043,0
2736,56001,0
2737,56007,0
2738,56025,0
2739,56037,0
2740,56015,0
2741,56021,0
2742,56031,0
2743,56023,0
2744,56035,0
2745,56039,0
2746,56041,0
